"UC","Grupos","Família","Gênero","Espécie","Autor","Táxon_completo","Barcode","BD_Origem","Herbário","Coletor","Número_da_Coleta","Origem_FFBr","AnoColeta","Identificador","AnoID","ConfiançaID","ConfiançaLoc","Imagens","Município","Localidade"
"RESERVA EXTRATIVISTA MÉDIO JURUÁ",,"Annonaceae","Pseudoxandra","xylopiifolia","Maas & Westra","ANNONACEAE Pseudoxandra xylopiifolia Maas & Westra","18978","splink","EAFM","Scabin, A.B.","127",,"2018","Assuncao, P.A.L.","2018","Bronze","Ouro",,"Carauari","Reserva Extrativista do Médio Juruá - comunidade V, P13VR"
"RESERVA EXTRATIVISTA MÉDIO JURUÁ",,"Fabaceae","Bauhinia","arborea","Wunderlin","FABACEAE Bauhinia arborea Wunderlin","18612","splink","EAFM","Scabin, A.B.","67",,"2018","Assuncao, P.L.","2018","Bronze","Ouro",,"Carauari","Reserva Extrativista do Médio Juruá - comunidade G, P05GF"
"RESERVA EXTRATIVISTA MÉDIO JURUÁ",,"Fabaceae","Indet",,,"FABACEAE Indet. sp.","19011","splink","EAFM","Scabin, A.B.","89",,"2018","Assuncao, P.A.L.","2018","Bronze","Ouro",,"Carauari","Reserva Extrativista do Médio Juruá - comunidade T, P16TA"
"RESERVA EXTRATIVISTA MÉDIO JURUÁ",,"Fabaceae","Indet",,,"FABACEAE Indet. sp.","18624","splink","EAFM","Scabin, A.B.","88",,"2018",,,"Latão","Ouro",,"Carauari","Reserva Extrativista do Médio Juruá - comunidade T, P16TA"
"RESERVA EXTRATIVISTA MÉDIO JURUÁ",,"Fabaceae","Indet",,,"FABACEAE Indet. sp.","18664","splink","EAFM","Scabin, A.B.","170",,"2018",,,"Latão","Ouro",,"Carauari","Reserva Extrativista do Médio Juruá - comunidade T, P16TA"
"RESERVA EXTRATIVISTA MÉDIO JURUÁ",,"Lauraceae","Indet",,,"LAURACEAE Indet. sp.","18613","splink","EAFM","Scabin, A.B.","68",,"2018",,,"Latão","Ouro",,"Carauari","Reserva Extrativista do Médio Juruá - comunidade G, P06GF"
"RESERVA EXTRATIVISTA MÉDIO JURUÁ",,"Lauraceae","Indet",,,"LAURACEAE Indet. sp.","18610","splink","EAFM","Scabin, A.B.","64",,"2018",,,"Latão","Ouro",,"Carauari","Reserva Extrativista do Médio Juruá - comunidade G, P05GF"
"RESERVA EXTRATIVISTA MÉDIO JURUÁ",,"Malvaceae","Matisia","malacocalyx","(A.Robyns & S.Nilsson) W.S.Alverson","MALVACEAE Matisia malacocalyx (A.Robyns & S.Nilsson) W.S.Alverson","19020","splink","EAFM","Scabin, A.B.","86",,"2018","Assuncao, P.A.L.","2018","Bronze","Ouro",,"Carauari","Resex Médio Juruá - comunidade Tabuleiro, P15TA"
"RESERVA EXTRATIVISTA MÉDIO JURUÁ",,"Solanaceae","Indet",,,"SOLANACEAE Indet. sp.","18654","splink","EAFM","Scabin, A.B.","137",,"2018",,,"Latão","Ouro",,"Carauari","Reserva Extrativista Médio Juruá - comunidade Vila, P14VR"
